{
  "RATINGS": {
    "Value": {
      "VVNFUkNCNTQ4RUJENTJBMjQxRUM4REE2MDcxNDc2NUUwOTJFWFhasd": {
        "32df3g4df6df3gdf34": 0.28000003,
        "3f45s3fd5g4sdf643df": 0.26666665,
        "3fd5g4sdf643df54s3df": 0.16666666,
        "3fsdfdf45s3fd5g4sdf": -0.06666665,
        "df3sdf4d6f3d54f6d4": -0.25,
        "df546df325dfg6d5g97": -0.06666665,
        "df546df345dfg6d5g46": -0.23333335,
        "ds4f6d3sf4d6f34d6f3": -0.13333336,
        "fd45s3fd5g4sdf543": -0.1,
        "fd45s3fd5g4sdf544": -0.0666667,
        "fdf45s3fd5g4sdf546": 0.33333334,
        "fds34f6d34sdf63df4s6": 0,
        "fds4f3d45g63dfg4s6d3": 0,
        "fds4f3df45g6df345g3d": 0,
        "fds4f3df45g6df345g3f": 0,
        "ffd4546sdf3s4f6d34": 0,
        "ffd4sdf54sdf634df3": 0.0666667,
        "g4df6g3df45g34dfg63d": 0,
        "g4df6g3df45g34dfg6d": 0,
        "gdf4sdf34sdf63sd4f6s": 0,
        "gf4d6g3df45g63df45g6": 0,
        "gf4d6g3df45g63df4g6d": 0,
        "gf4d6g3df45g63df4g7d": 0,
        "gfd4g3d45g63df4g6d3f": 0
      },
      "VVNFUkNCNTQ4RUJENTJBMjQxRUM4REE2MDcxNDcwerwOTJFWFhYWA": {
        "32df3g4df6df3gdf34": 0,
        "3f45s3fd5g4sdf643df": 0,
        "3fd5g4sdf643df54s3df": 0,
        "3fsdfdf45s3fd5g4sdf": 0,
        "df3sdf4d6f3d54f6d4": 0,
        "df546df325dfg6d5g97": 0,
        "df546df345dfg6d5g46": 0,
        "ds4f6d3sf4d6f34d6f3": 0,
        "fd45s3fd5g4sdf543": 0,
        "fd45s3fd5g4sdf544": 0,
        "fdf45s3fd5g4sdf546": 0,
        "fds34f6d34sdf63df4s6": 0,
        "fds4f3d45g63dfg4s6d3": 0,
        "fds4f3df45g6df345g3d": 0,
        "fds4f3df45g6df345g3f": 0,
        "ffd4546sdf3s4f6d34": 0,
        "ffd4sdf54sdf634df3": 0,
        "g4df6g3df45g34dfg63d": 0,
        "g4df6g3df45g34dfg6d": 0,
        "gdf4sdf34sdf63sd4f6s": 0,
        "gf4d6g3df45g63df45g6": 0,
        "gf4d6g3df45g63df4g6d": 0,
        "gf4d6g3df45g63df4g7d": 0,
        "gfd4g3d45g63df4g6d3f": 0
      },
      "VVNFUkNCNTQ4RUJENTJBMjQxRUM4vfd2MDcxNDc2NUUwOTJFWFhYWA": {
        "32df3g4df6df3gdf34": 0.28000003,
        "3f45s3fd5g4sdf643df": 0.26666665,
        "3fd5g4sdf643df54s3df": 0.16666666,
        "3fsdfdf45s3fd5g4sdf": 0.03333335,
        "df3sdf4d6f3d54f6d4": -0.25,
        "df546df325dfg6d5g97": -0.16666666,
        "df546df345dfg6d5g46": -0.13333336,
        "ds4f6d3sf4d6f34d6f3": -0.08333335,
        "fd45s3fd5g4sdf543": -0.2,
        "fd45s3fd5g4sdf544": 0.0333333,
        "fdf45s3fd5g4sdf546": 0.13333336,
        "fds34f6d34sdf63df4s6": 0,
        "fds4f3d45g63dfg4s6d3": 0,
        "fds4f3df45g6df345g3d": 0,
        "fds4f3df45g6df345g3f": 0,
        "ffd4546sdf3s4f6d34": -0.15,
        "ffd4sdf54sdf634df3": 0.1666667,
        "g4df6g3df45g34dfg63d": 0,
        "g4df6g3df45g34dfg6d": 0,
        "gdf4sdf34sdf63sd4f6s": 0,
        "gf4d6g3df45g63df45g6": 0,
        "gf4d6g3df45g63df4g6d": 0,
        "gf4d6g3df45g63df4g7d": 0,
        "gfd4g3d45g63df4g6d3f": 0
      },
      "VVNFUkNCNTQ4RUsdfTJBMjQxRUM4REE2MDcxNDc2NUUwOTJFWFhYWA": {
        "32df3g4df6df3gdf34": -0.28000003,
        "3f45s3fd5g4sdf643df": -0.53333336,
        "3fd5g4sdf643df54s3df": -0.33333334,
        "3fsdfdf45s3fd5g4sdf": 0.03333335,
        "df3sdf4d6f3d54f6d4": 0.25,
        "df546df325dfg6d5g97": 0.23333335,
        "df546df345dfg6d5g46": 0.36666664,
        "ds4f6d3sf4d6f34d6f3": 0.21666665,
        "fd45s3fd5g4sdf543": 0.3,
        "fd45s3fd5g4sdf544": 0.0333333,
        "fdf45s3fd5g4sdf546": -0.46666664,
        "fds34f6d34sdf63df4s6": 0,
        "fds4f3d45g63dfg4s6d3": 0,
        "fds4f3df45g6df345g3d": 0,
        "fds4f3df45g6df345g3f": 0,
        "ffd4546sdf3s4f6d34": 0.15,
        "ffd4sdf54sdf634df3": -0.2333333,
        "g4df6g3df45g34dfg63d": 0,
        "g4df6g3df45g34dfg6d": 0,
        "gdf4sdf34sdf63sd4f6s": 0,
        "gf4d6g3df45g63df45g6": 0,
        "gf4d6g3df45g63df4g6d": 0,
        "gf4d6g3df45g63df4g7d": 0,
        "gfd4g3d45g63df4g6d3f": 0
      }
    },
    "Expiration": "2024-05-29T06:31:03.8317745Z"
  }
}